,Accuracy,Precision,F1-Score,AUC
0,0.6688875769587586,0.6891470671578351,0.6501514881482802,0.6688875769587584
