,Accuracy,Precision,F1-Score,AUC
0,0.7746057181411824,0.768513936994887,0.7771338031105366,0.7746057181411823
