,Accuracy,Precision,F1-Score,AUC
0,0.7466053807877203,0.7349726775956285,0.7527262252582199,0.7527262252582199
