,Accuracy,Precision,F1-Score,AUC
0,0.7347136712490512,0.7386792452830189,0.7324913892078071,0.7347136712490512
