,Accuracy,Precision,F1-Score,AUC
0,0.7331112423041242,0.716920420656098,0.7427131184194479,0.7331112423041241
