,Accuracy,Precision,F1-Score,AUC
0,0.8145399342160748,0.8869980284320846,0.7953847585372661,0.8145399342160748
