,Accuracy,Precision,F1-Score,AUC
0,0.836341401703635,0.8130789762914116,0.842203699939012,0.842203699939012
