,Accuracy,Precision,F1-Score,AUC
0,0.7598043349919879,0.7554947333499212,0.7618131638370829,0.7598043349919879
