,Accuracy,Precision,F1-Score,AUC
0,0.8442270388799865,0.8666127728375101,0.839321444106133,0.8442270388799865
