,Accuracy,Precision,F1-Score,AUC
0,0.8384920300244582,0.941092427739312,0.8172361137621684,0.838492030024458
