,Accuracy,Precision,F1-Score,AUC
0,0.8196465477244929,0.8514924683485815,0.8116631430584919,0.8197531952945754
