,Accuracy,Precision,F1-Score,AUC
0,0.8255093002657219,0.8474789162031222,0.8203569412479917,0.8203569412479917
