,Accuracy,Precision,F1-Score,AUC
0,0.7215825214053735,0.7233592692828146,0.721559033196946,0.7215868949383157
