,Accuracy,Precision,F1-Score,AUC
0,0.7432620523851702,0.7281171284634761,0.7524301460121202,0.7431773165669524
