,Accuracy,Precision,F1-Score,AUC
0,0.836517778058965,0.8791552230324842,0.82728812048837,0.8366510907357217
